"","Cancer","Hugo_Symbol","IMPACT_High","IMPACT_Moderate","PolyPhen_PR","PolyPhen_PO","SIFT_deliterious","SIFT_deleterious_low_confidence"
"1","BRCA","BCL2",0,1,0,1,1,0
"2","BRCA","BCL2L1",0,3,1,1,1,0
"3","BRCA","BCL2L2",2,0,0,0,0,0
"4","BRCA","MCL1",0,1,0,0,0,0
"5","BRCA","BCL2A1",0,3,2,0,2,0
"6","BRCA","BCL2L10",0,0,0,0,0,0
"7","BRCA","BAX",1,3,0,1,1,0
"8","BRCA","BAK1",0,2,0,0,1,0
"9","BRCA","BOK",1,0,0,0,0,0
"10","GBM","BCL2",0,3,1,0,0,0
"11","GBM","BCL2L1",2,1,0,0,0,0
"12","GBM","BCL2L2",0,0,0,0,0,0
"13","GBM","MCL1",0,2,2,0,2,0
"14","GBM","BCL2A1",0,0,0,0,0,0
"15","GBM","BCL2L10",0,1,0,0,0,0
"16","GBM","BAX",0,0,0,0,0,0
"17","GBM","BAK1",0,1,0,0,0,0
"18","GBM","BOK",1,0,0,0,0,0
"19","LUAD","BCL2",0,5,2,1,3,0
"20","LUAD","BCL2L1",0,2,0,1,1,0
"21","LUAD","BCL2L2",0,0,0,0,0,0
"22","LUAD","MCL1",0,2,0,0,0,0
"23","LUAD","BCL2A1",1,0,0,0,0,0
"24","LUAD","BCL2L10",0,1,0,0,0,0
"25","LUAD","BAX",0,3,1,2,3,0
"26","LUAD","BAK1",0,2,0,0,1,0
"27","LUAD","BOK",0,0,0,0,0,0
"28","UCEC","BCL2",0,3,0,0,0,0
"29","UCEC","BCL2L1",0,9,1,0,2,0
"30","UCEC","BCL2L2",1,6,2,1,2,0
"31","UCEC","MCL1",0,4,2,1,3,0
"32","UCEC","BCL2A1",2,7,2,1,3,0
"33","UCEC","BCL2L10",0,3,0,1,1,0
"34","UCEC","BAX",1,7,2,1,3,0
"35","UCEC","BAK1",2,14,2,3,7,0
"36","UCEC","BOK",1,4,3,1,2,0
"37","KIRC","BCL2",0,0,0,0,0,0
"38","KIRC","BCL2L1",0,0,0,0,0,0
"39","KIRC","BCL2L2",0,0,0,0,0,0
"40","KIRC","MCL1",0,0,0,0,0,0
"41","KIRC","BCL2A1",0,2,0,0,0,0
"42","KIRC","BCL2L10",0,0,0,0,0,0
"43","KIRC","BAX",0,0,0,0,0,0
"44","KIRC","BAK1",0,2,2,0,2,0
"45","KIRC","BOK",0,0,0,0,0,0
"46","HNSC","BCL2",0,1,1,0,1,0
"47","HNSC","BCL2L1",0,0,0,0,0,0
"48","HNSC","BCL2L2",0,1,1,0,1,0
"49","HNSC","MCL1",0,3,1,1,2,0
"50","HNSC","BCL2A1",0,2,0,0,0,0
"51","HNSC","BCL2L10",0,0,0,0,0,0
"52","HNSC","BAX",0,0,0,0,0,0
"53","HNSC","BAK1",0,1,0,0,1,0
"54","HNSC","BOK",0,1,0,0,0,0
"55","HNSC","BCL2",0,1,1,0,1,0
"56","HNSC","BCL2L1",0,0,0,0,0,0
"57","HNSC","BCL2L2",0,1,1,0,1,0
"58","HNSC","MCL1",0,3,1,1,2,0
"59","HNSC","BCL2A1",0,2,0,0,0,0
"60","HNSC","BCL2L10",0,0,0,0,0,0
"61","HNSC","BAX",0,0,0,0,0,0
"62","HNSC","BAK1",0,1,0,0,1,0
"63","HNSC","BOK",0,1,0,0,0,0
"64","LUSC","BCL2",0,0,0,0,0,0
"65","LUSC","BCL2L1",0,2,1,1,1,0
"66","LUSC","BCL2L2",0,1,0,1,1,0
"67","LUSC","MCL1",0,2,0,0,1,0
"68","LUSC","BCL2A1",1,2,1,0,1,0
"69","LUSC","BCL2L10",0,1,0,0,0,0
"70","LUSC","BAX",0,1,0,0,1,0
"71","LUSC","BAK1",1,1,1,0,1,0
"72","LUSC","BOK",0,0,0,0,0,0
"73","PRAD","BCL2",0,0,0,0,0,0
"74","PRAD","BCL2L1",0,0,0,0,0,0
"75","PRAD","BCL2L2",0,0,0,0,0,0
"76","PRAD","MCL1",0,1,0,0,1,0
"77","PRAD","BCL2A1",0,1,0,0,0,0
"78","PRAD","BCL2L10",0,0,0,0,0,0
"79","PRAD","BAX",0,0,0,0,0,0
"80","PRAD","BAK1",0,0,0,0,0,0
"81","PRAD","BOK",0,0,0,0,0,0
"82","COAD","BCL2",0,2,1,0,2,0
"83","COAD","BCL2L1",1,5,0,1,2,0
"84","COAD","BCL2L2",0,3,1,1,1,0
"85","COAD","MCL1",0,3,1,0,1,0
"86","COAD","BCL2A1",2,4,3,1,3,0
"87","COAD","BCL2L10",1,1,0,0,0,0
"88","COAD","BAX",4,2,1,1,2,0
"89","COAD","BAK1",1,3,0,1,1,0
"90","COAD","BOK",0,2,1,0,0,0
"91","STAD","BCL2",0,5,0,2,1,0
"92","STAD","BCL2L1",0,2,1,0,1,0
"93","STAD","BCL2L2",1,3,0,0,1,0
"94","STAD","MCL1",0,1,1,0,1,0
"95","STAD","BCL2A1",0,0,0,0,0,0
"96","STAD","BCL2L10",0,1,0,0,0,0
"97","STAD","BAX",0,1,1,0,1,0
"98","STAD","BAK1",1,1,1,0,1,0
"99","STAD","BOK",0,0,0,0,0,0
"100","BLCA","BCL2",0,0,0,0,0,0
"101","BLCA","BCL2L1",0,1,0,1,1,0
"102","BLCA","BCL2L2",0,0,0,0,0,0
"103","BLCA","MCL1",0,2,0,0,1,0
"104","BLCA","BCL2A1",0,1,0,0,0,0
"105","BLCA","BCL2L10",0,1,1,0,1,0
"106","BLCA","BAX",1,0,0,0,0,0
"107","BLCA","BAK1",1,1,0,0,0,0
"108","BLCA","BOK",0,0,0,0,0,0
"109","LIHC","BCL2",1,0,0,0,0,0
"110","LIHC","BCL2L1",0,0,0,0,0,0
"111","LIHC","BCL2L2",0,0,0,0,0,0
"112","LIHC","MCL1",0,1,1,0,1,0
"113","LIHC","BCL2A1",0,0,0,0,0,0
"114","LIHC","BCL2L10",0,0,0,0,0,0
"115","LIHC","BAX",0,3,0,0,0,0
"116","LIHC","BAK1",0,0,0,0,0,0
"117","LIHC","BOK",0,0,0,0,0,0
"118","KIRP","BCL2",0,0,0,0,0,0
"119","KIRP","BCL2L1",0,0,0,0,0,0
"120","KIRP","BCL2L2",0,0,0,0,0,0
"121","KIRP","MCL1",0,1,0,0,0,0
"122","KIRP","BCL2A1",0,0,0,0,0,0
"123","KIRP","BCL2L10",0,1,1,0,1,0
"124","KIRP","BAX",0,1,0,0,0,0
"125","KIRP","BAK1",0,0,0,0,0,0
"126","KIRP","BOK",0,0,0,0,0,0
"127","ESCA","BCL2",0,0,0,0,0,0
"128","ESCA","BCL2L1",0,0,0,0,0,0
"129","ESCA","BCL2L2",1,0,0,0,0,0
"130","ESCA","MCL1",0,1,0,0,0,0
"131","ESCA","BCL2A1",0,1,1,0,1,0
"132","ESCA","BCL2L10",0,0,0,0,0,0
"133","ESCA","BAX",0,3,0,0,0,0
"134","ESCA","BAK1",1,0,0,0,0,0
"135","ESCA","BOK",0,0,0,0,0,0
"136","READ","BCL2",0,1,1,0,0,0
"137","READ","BCL2L1",0,1,0,0,0,0
"138","READ","BCL2L2",0,1,0,0,0,0
"139","READ","MCL1",0,1,0,1,1,0
"140","READ","BCL2A1",0,1,0,0,0,0
"141","READ","BCL2L10",0,0,0,0,0,0
"142","READ","BAX",0,0,0,0,0,0
"143","READ","BAK1",0,0,0,0,0,0
"144","READ","BOK",0,0,0,0,0,0
"145","READ","BCL2",0,1,1,0,0,0
"146","READ","BCL2L1",0,1,0,0,0,0
"147","READ","BCL2L2",0,1,0,0,0,0
"148","READ","MCL1",0,1,0,1,1,0
"149","READ","BCL2A1",0,1,0,0,0,0
"150","READ","BCL2L10",0,0,0,0,0,0
"151","READ","BAX",0,0,0,0,0,0
"152","READ","BAK1",0,0,0,0,0,0
"153","READ","BOK",0,0,0,0,0,0
"154","READ","BCL2",0,1,1,0,0,0
"155","READ","BCL2L1",0,1,0,0,0,0
"156","READ","BCL2L2",0,1,0,0,0,0
"157","READ","MCL1",0,1,0,1,1,0
"158","READ","BCL2A1",0,1,0,0,0,0
"159","READ","BCL2L10",0,0,0,0,0,0
"160","READ","BAX",0,0,0,0,0,0
"161","READ","BAK1",0,0,0,0,0,0
"162","READ","BOK",0,0,0,0,0,0
