"genes"	"modules"
"SPP1"	"M2"
"CHI3L1"	"M2"
"PTPRZ1"	"M4"
"BCAN"	"M4"
"CST3"	"M5"
"AQP4"	"M5"
"PMP2"	"M4"
"IGFBP5"	"M2"
"SOD2"	"M2"
"CRYAB"	"M1"
"C3"	"M2"
"CKB"	"M4"
"C1orf61"	"M4"
"HLA-DRA"	"M2"
"EGFR"	"Not.Correlated"
"AQP1"	"M3"
"ATP1B2"	"M4"
"CD44"	"M2"
"PLP1"	"M7"
"S100B"	"M5"
"CHCHD2"	"Not.Correlated"
"NDRG2"	"M3"
"AEBP1"	"M5"
"FAM107A"	"M3"
"COL6A1"	"M3"
"AGT"	"M5"
"MT3"	"M5"
"NTRK2"	"M3"
"MT2A"	"M2"
"GJA1"	"M5"
"GAP43"	"M2"
"COL4A1"	"M3"
"ANXA1"	"M5"
"ATP1A2"	"M3"
"IGFBP2"	"M3"
"MLC1"	"M5"
"COL4A2"	"M3"
"C1QB"	"M2"
"OS9"	"M1"
"FCGBP"	"M2"
"MBP"	"M7"
"TTYH1"	"M4"
"CCT6A"	"Not.Correlated"
"NAMPT"	"M2"
"MAP2"	"M4"
"SEC61G"	"Not.Correlated"
"TIMP1"	"M2"
"FXYD6"	"M4"
"GATM"	"M5"
"NCAN"	"M4"
"VEGFA"	"M2"
"C1QA"	"M2"
"HLA-DRB1"	"M2"
"HLA-DPA1"	"M2"
"COL1A2"	"M3"
"SLC1A2"	"M8"
"EFEMP1"	"M2"
"CCND2"	"M2"
"FABP7"	"Not.Correlated"
"NDRG1"	"M2"
"ALDOC"	"M3"
"EGR1"	"M2"
"ADCYAP1R1"	"M3"
"DNER"	"M1"
"OLIG1"	"M4"
"PDPN"	"M2"
"C1R"	"M2"
"HBB"	"Not.Correlated"
"FOS"	"M2"
"UCHL1"	"M1"
"IFI6"	"M9"
"RCAN1"	"M2"
"NIPSNAP2"	"Not.Correlated"
"IGFBP3"	"M2"
"COL6A2"	"M3"
"COL3A1"	"M3"
"SERPING1"	"M2"
"MEST"	"Not.Correlated"
"DCN"	"M3"
"MAOB"	"M5"
"TGFBI"	"M2"
"SRGN"	"M2"
"SPOCK2"	"M6"
"COL1A1"	"M3"
"KIF1A"	"M1"
"HOPX"	"Not.Correlated"
"SOX8"	"M4"
"CDK4"	"M1"
"S100A10"	"M2"
"FCGR3A"	"M2"
"CD163"	"M2"
"PTGDS"	"M7"
"EDNRB"	"M4"
"NEAT1"	"Not.Correlated"
"SCG2"	"Not.Correlated"
"CHI3L2"	"M2"
"STAB1"	"M2"
"F3"	"M5"
"C1S"	"M2"
"MTURN"	"M7"
"GPR37L1"	"M5"
"CSPG5"	"M4"
"MAPT"	"M4"
"LGALS3"	"M1"
"VOPP1"	"Not.Correlated"
"SLC4A4"	"M6"
"COL5A2"	"M3"
"FGF1"	"M6"
"FLNC"	"Not.Correlated"
"SERPINE1"	"M2"
"NFASC"	"M3"
"CHL1"	"M5"
"CD14"	"M2"
"ITGB4"	"M5"
"GAS7"	"Not.Correlated"
"VSIG4"	"M2"
"RGS1"	"M2"
"APOC1"	"M2"
"MALAT1"	"Not.Correlated"
"SOX4"	"M6"
"LPL"	"Not.Correlated"
"KLHDC8A"	"Not.Correlated"
"PADI2"	"M7"
"APLNR"	"M2"
"HMOX1"	"M2"
"MGP"	"M2"
"WSCD1"	"M4"
"PEG10"	"Not.Correlated"
"MDM2"	"Not.Correlated"
"LANCL2"	"Not.Correlated"
"KCNJ10"	"M3"
"DTX3"	"M1"
"HES6"	"M4"
"DUSP1"	"M2"
"AKAP12"	"M2"
"APOD"	"M7"
"NLGN3"	"M4"
"TUBB4A"	"M7"
"GPNMB"	"M2"
"ZFP36"	"M2"
"EEF1A2"	"M1"
"RBP1"	"M5"
"SEPT3"	"M1"
"TSPAN31"	"M1"
"FKBP5"	"M2"
"GBP1"	"M9"
"MT1X"	"M2"
"RASD1"	"M2"
"LTF"	"M5"
"TOP2A"	"M6"
"C1QL1"	"M1"
"FAM198B"	"M2"
"SCG3"	"M4"
"PHYHIPL"	"M3"
"GALNT15"	"M6"
"TMEM176B"	"M2"
"MSR1"	"M2"
"OLIG2"	"M4"
"TAGLN"	"M3"
"BCAT1"	"M3"
"SYNPO"	"M2"
"GPX3"	"M2"
"MGST1"	"M2"
"BEX1"	"M1"
"RNASE1"	"M2"
"HSPB8"	"M3"
"TF"	"M7"
"FBXO32"	"M2"
"PDGFRA"	"M6"
"HEPACAM"	"M3"
"DPYSL5"	"M4"
"LTBP4"	"M5"
"IL1RAP"	"M3"
"RFX4"	"M3"
"SOCS3"	"M2"
"GRIK3"	"M4"
"ALDH1L1"	"M5"
"CNTN1"	"M1"
"FAM181B"	"M4"
"MAPK4"	"M5"
"KIF5A"	"M1"
"ARC"	"M4"
"RTN1"	"M8"
"EMP3"	"M1"
"LAMB1"	"M3"
"IFI44L"	"M9"
"CYR61"	"M2"
"TNFRSF12A"	"M1"
"CPXM1"	"M6"
"CACNG7"	"M4"
"PDGFA"	"Not.Correlated"
"CNR1"	"Not.Correlated"
"MAN1C1"	"M2"
"DHCR24"	"Not.Correlated"
"FGFR3"	"Not.Correlated"
"MX1"	"M9"
"CDKN2C"	"M6"
"POSTN"	"M3"
"VXN"	"M4"
"METTL7B"	"M1"
"BST2"	"M9"
"CADM2"	"M4"
"CAV1"	"M2"
"DEPP1"	"M2"
"KCNQ2"	"M4"
"SRPX"	"M3"
"OLFM1"	"M1"
"MS4A6A"	"M2"
"CTNNA2"	"M3"
"TPPP3"	"M5"
"PXDN"	"M3"
"VCAM1"	"M9"
"CDK6"	"Not.Correlated"
"PLP2"	"M1"
"ADORA1"	"M5"
"STEAP3"	"M2"
"ISG15"	"M9"
"SPRY4"	"M3"
"ITGA3"	"M2"
"SNX10"	"M2"
"CACNG4"	"M4"
"PSPH"	"Not.Correlated"
"HLA-DQB1"	"M2"
"TIMP4"	"Not.Correlated"
"HLA-DMB"	"M2"
"SMIM3"	"M2"
"LINGO1"	"M4"
"PCSK1N"	"M1"
"FAM131B"	"M4"
"SDC4"	"M5"
"HSPG2"	"M3"
"SERPINA1"	"M2"
"ACTA2"	"M3"
"ALOX5AP"	"M2"
"SLC6A1"	"M1"
"NMB"	"Not.Correlated"
"MASP1"	"M3"
"DAAM2"	"M3"
"CPVL"	"M2"
"OAS3"	"M9"
"TRIL"	"M2"
"CA12"	"M2"
"CALCRL"	"Not.Correlated"
"NKAIN4"	"M4"
"TMIGD3"	"M2"
"MMP16"	"M6"
"CFI"	"M2"
"OSMR"	"M2"
"TMOD1"	"Not.Correlated"
"HLA-DRB5"	"M2"
"DPYD"	"M2"
"ELOVL2"	"M1"
"DNM1"	"M8"
"NELL2"	"M8"
"SLC2A5"	"M2"
"LMO3"	"M6"
"HLA-DQA1"	"M2"
"ADCY2"	"M3"
"PLIN2"	"M2"
"TNR"	"M1"
"MEG3"	"M5"
"RDH10"	"M2"
"MAFB"	"M2"
"LPAR1"	"Not.Correlated"
"ANOS1"	"M3"
"SEZ6L"	"M4"
"NNMT"	"M2"
"FOXG1"	"Not.Correlated"
"SLC2A3"	"M2"
"SLC35F1"	"M4"
"PCOLCE"	"M3"
"SLIT1"	"M4"
"RAB34"	"M1"
"SOX6"	"M4"
"CX3CR1"	"M2"
"NRXN1"	"M1"
"BIRC5"	"M6"
"TUBB6"	"M1"
"LIX1"	"M3"
"MT1E"	"M5"
"KLHL4"	"Not.Correlated"
"HSPA1B"	"M2"
"SPOCD1"	"M2"
"RGS2"	"M2"
"ADGRB1"	"M4"
"FABP5"	"M2"
"RARRES3"	"M9"
"CADM3"	"M1"
"NCAM2"	"M1"
"GRIA4"	"M4"
"HILPDA"	"M2"
"ATP1A3"	"M1"
"SNAP25"	"M8"
"C1QTNF1"	"Not.Correlated"
"PSD2"	"M3"
"TCIM"	"M2"
"SYP"	"M8"
"FMOD"	"M1"
"IFIT3"	"M9"
"LTBP1"	"M1"
"SPON1"	"Not.Correlated"
"CP"	"M2"
"SEZ6L2"	"M1"
"MYLK"	"M7"
"FBLN1"	"M4"
"DDR2"	"M6"
"ELAVL3"	"M1"
"S100A13"	"M1"
"CRB2"	"M5"
"SOX11"	"M6"
"OLR1"	"M2"
"SLC38A1"	"M1"
"CCL2"	"M2"
"AIF1"	"M2"
"SPOCK1"	"M7"
"GLDC"	"M4"
"TMEM176A"	"M2"
"HSPA2"	"M7"
"MDFI"	"M6"
"TGFB2"	"Not.Correlated"
"ILDR2"	"M4"
"CPM"	"M2"
"SLC11A1"	"M2"
"BBOX1"	"M5"
"ANGPTL4"	"M2"
"LYPD1"	"Not.Correlated"
"GRIA1"	"Not.Correlated"
"MARCH9"	"M1"
"LZTS1"	"M3"
"RN7SL2"	"Not.Correlated"
"NEBL"	"M6"
"BAIAP3"	"M5"
"BASP1"	"M1"
"LOXL2"	"M3"
"THBS4"	"Not.Correlated"
"THBS1"	"M2"
"IFI27"	"M9"
"TNFAIP2"	"M2"
"EFHD1"	"M7"
"RNF180"	"M4"
"PIPOX"	"M1"
"GRIA2"	"M1"
"C21orf62"	"M5"
"OCIAD2"	"M2"
"TSFM"	"Not.Correlated"
"ENHO"	"M4"
"CENPF"	"M6"
"GPR37"	"M6"
"FPR1"	"M2"
"GFPT2"	"M4"
"RPS4Y1"	"Not.Correlated"
"HSPA1A"	"M2"
"FZD7"	"M1"
"FBXL16"	"M1"
"TMEM144"	"M7"
"SFRP4"	"M6"
"DLL3"	"M4"
"GNG4"	"M1"
"FAM84A"	"Not.Correlated"
"PLLP"	"M7"
"CXCL14"	"M6"
"CDK18"	"M7"
"DDIT3"	"Not.Correlated"
"CNTFR"	"M4"
"PTGS1"	"M2"
"SPRY1"	"M3"
"ABCC3"	"M2"
"PEG3"	"M1"
"ROBO2"	"M4"
"CFH"	"M6"
"COL5A1"	"M3"
"NRGN"	"M8"
"MOXD1"	"M1"
"RASL12"	"M3"
"KCNF1"	"Not.Correlated"
"F13A1"	"M2"
"IFIT1"	"M9"
"TMEM98"	"Not.Correlated"
"KCNIP1"	"M4"
"COL9A3"	"M4"
"MS4A7"	"M2"
"HIST1H2AC"	"M2"
"SAMD9L"	"M9"
"AHR"	"M2"
"AGAP2"	"M1"
"CLDN11"	"M7"
"SOCS2"	"Not.Correlated"
"LAMA2"	"M1"
"CRB1"	"M4"
"VGF"	"M1"
"AMER2"	"M7"
"FBLN5"	"M2"
"PAMR1"	"M6"
"IGF2"	"Not.Correlated"
"CD24"	"M1"
"LINC01158"	"M3"
"OMG"	"M7"
"PDZD2"	"Not.Correlated"
"ADM"	"M2"
"NGFR"	"Not.Correlated"
"HLA-DOA"	"M2"
"TPPP"	"M7"
"PDK4"	"M2"
"MKI67"	"M6"
"TSPAN12"	"M4"
"BCAS1"	"M7"
"MDFIC"	"M5"
"MFAP4"	"M4"
"ADAMTS9"	"M7"
"ACSS3"	"M1"
"SBK1"	"M6"
"CNTN2"	"M7"
"BRINP2"	"M4"
"PIANP"	"M4"
"ASCL1"	"M4"
"SEZ6"	"M4"
"KLHL9"	"Not.Correlated"
"SCIN"	"M2"
"HBA2"	"Not.Correlated"
"OAS1"	"M9"
"SMOC1"	"M1"
"PHKG1"	"M5"
"PLVAP"	"M3"
"CAMK2B"	"M8"
"EPB41L3"	"M7"
"LRRN2"	"Not.Correlated"
"LOX"	"M2"
"MYBL2"	"M6"
"ADAMTS1"	"M3"
"SCN4B"	"M5"
"EFNB3"	"M1"
"SEL1L3"	"M2"
"CDH4"	"Not.Correlated"
"FRMD5"	"M1"
"TFPI"	"Not.Correlated"
"APOL4"	"Not.Correlated"
"SCN3A"	"M1"
"LRRC55"	"M5"
"RARRES2"	"M5"
"ATCAY"	"M1"
"UBE2C"	"M6"
"TLE2"	"M5"
"MIR4435-2HG"	"M3"
"VAMP8"	"M2"
"PLAU"	"M2"
"COL20A1"	"M1"
"STMN4"	"M1"
"SEMA5B"	"M4"
"OAS2"	"M9"
"EVI2A"	"M2"
"ERMN"	"M7"
"OLFML2B"	"M3"
"CXCL8"	"M2"
"TMEM119"	"M2"
"NPNT"	"M1"
"UHRF1"	"M6"
"PDLIM4"	"M5"
"FAM69C"	"M4"
"MEX3A"	"M6"
"CADPS"	"M7"
"EDIL3"	"M7"
"FOXJ1"	"M5"
"FAM167A"	"M3"
"FAM19A5"	"M4"
"FRZB"	"Not.Correlated"
"P2RY12"	"M2"
"KIF21B"	"M1"
"SIGLEC10"	"M2"
"LYZ"	"M2"
"KCNJ16"	"Not.Correlated"
"SLC6A11"	"M4"
"ADGRV1"	"M4"
"MREG"	"M2"
"ECHDC2"	"M5"
"CPNE5"	"M4"
"MMP9"	"M3"
"BRINP3"	"M4"
"TMEM100"	"M1"
"ATP2B2"	"M3"
"SALL3"	"M4"
"CNIH3"	"M1"
"ABCA8"	"M6"
"ALDH1A1"	"Not.Correlated"
"SLITRK2"	"M4"
"GAS1"	"M7"
"NETO2"	"Not.Correlated"
"DTX4"	"M4"
"PLD4"	"M2"
"AC120042.3"	"M1"
"PLEKHH1"	"M7"
"MAG"	"M7"
"LRRTM2"	"M4"
"TMEM132B"	"M1"
"B4GALNT1"	"M1"
"ENPP2"	"M7"
"PTCH1"	"M2"
"GBP3"	"M9"
"CDK5R1"	"M1"
"CAPS"	"M5"
"RUNDC3A"	"M1"
"GRIK2"	"M1"
"IFITM1"	"M9"
"COL6A3"	"M3"
"MEIS2"	"Not.Correlated"
"DRAXIN"	"M4"
"TMEM132E"	"M2"
"LUM"	"M3"
"PSD"	"M8"
"EMP2"	"Not.Correlated"
"MYRF"	"M7"
"VASN"	"M1"
"HCN2"	"M7"
"C5AR1"	"M2"
"MRO"	"M6"
"ADAMTS4"	"M3"
"ADAM12"	"M3"
"MIR4697HG"	"M1"
"CNN2"	"M3"
"CAV2"	"M2"
"ENPP4"	"M7"
"S100A9"	"M2"
"DNM3"	"M1"
"MEGF10"	"Not.Correlated"
"HERC2P2"	"M2"
"COL4A5"	"M6"
"GYG2"	"M5"
"METTL1"	"Not.Correlated"
"ICAM1"	"M2"
"SH3BGR"	"M5"
"DGKG"	"Not.Correlated"
"EPHB1"	"M1"
"PABPC1L"	"Not.Correlated"
"AL121827.2"	"M4"
"COLEC12"	"M4"
"KCNE4"	"M3"
"STAC2"	"Not.Correlated"
"THSD7A"	"M6"
"MRPS17"	"Not.Correlated"
"TUSC3"	"Not.Correlated"
"TAGLN3"	"M1"
"HAP1"	"Not.Correlated"
"SAPCD2"	"M1"
"TCEAL2"	"M1"
"MOB3B"	"M1"
"EMILIN3"	"M2"
"BEX2"	"M1"
"AFAP1L2"	"M1"
"XYLT1"	"M1"
"LHFPL3"	"M4"
"ADCY8"	"Not.Correlated"
"PBK"	"M6"
"FBXO17"	"M5"
"FCGR1A"	"M2"
"TEAD2"	"M1"
"TUBA4A"	"M8"
"MS4A4A"	"M2"
"PIFO"	"M5"
"MT1M"	"M5"
"HERC6"	"M9"
"APOL1"	"M9"
"GADD45G"	"M1"
"CTSK"	"M3"
"S100A4"	"M2"
"SULF1"	"Not.Correlated"
"FGF12"	"M1"
"LIMS2"	"M1"
"GLDN"	"M7"
"GMPR"	"M5"
"GNAI1"	"M7"
"LRRC4C"	"M1"
"PIMREG"	"M6"
"PTX3"	"M2"
"NNAT"	"Not.Correlated"
"SRPX2"	"M1"
"GABBR2"	"M1"
"SLCO1C1"	"Not.Correlated"
"CELSR3"	"M1"
"C3orf14"	"Not.Correlated"
"DIRAS3"	"M1"
"AATK"	"M7"
"FAM189A2"	"M3"
"NSG1"	"M1"
"SLITRK3"	"Not.Correlated"
"SPTBN2"	"M1"
"PTPRN"	"M8"
"BRSK2"	"M1"
"DLGAP1"	"M5"
"ACSL6"	"M3"
"SYNDIG1"	"M7"
"LDLR"	"Not.Correlated"
"CDH10"	"M4"
"ATP13A4"	"M4"
"ERAP2"	"Not.Correlated"
"SDC1"	"M3"
"UGT8"	"M7"
"STMN2"	"M1"
"FREM2"	"M4"
"LY86"	"M2"
"FBLIM1"	"M3"
"ADAM19"	"M7"
"SLC24A3"	"M4"
"REC8"	"Not.Correlated"
"SHD"	"M4"
"PRELP"	"M6"
"NAPSB"	"M2"
"ACSBG1"	"M4"
"PRR36"	"M1"
"NDN"	"M7"
"ASS1"	"M2"
"C4B"	"M2"
"DNAH9"	"M5"
"TRIB3"	"Not.Correlated"
"ATP8A1"	"M7"
"SYN1"	"M8"
"PLEKHA6"	"Not.Correlated"
"IL13RA2"	"M5"
"C2orf88"	"M3"
"FAM181A"	"M5"
"SCUBE2"	"M5"
"RCOR2"	"M6"
"S100A1"	"M7"
"KIFC1"	"M6"
"RIMS4"	"M4"
"MAST1"	"M1"
"MXRA5"	"M3"
"LHFPL4"	"M1"
"GLI3"	"Not.Correlated"
"JPH4"	"M1"
"KCND2"	"M4"
"DCX"	"M1"
"DSCAM"	"M4"
"CNGA3"	"M5"
"RCAN2"	"M7"
"ST8SIA5"	"M4"
"SNX22"	"M1"
"AR"	"Not.Correlated"
"PPP1R1B"	"M3"
"DUSP4"	"M3"
"PGF"	"M5"
"SUSD4"	"M1"
"FAM222A"	"M1"
"CSMD2"	"M4"
"NPTX2"	"Not.Correlated"
"TMEM163"	"Not.Correlated"
"EYA2"	"M1"
"NPTX1"	"M8"
"SVIP"	"Not.Correlated"
"UNC13A"	"M1"
"CASC15"	"M1"
"EMILIN2"	"M3"
"SLFN11"	"Not.Correlated"
"ADCY1"	"M1"
"TENM1"	"Not.Correlated"
"CACNA2D1"	"M1"
"STX1B"	"M1"
"CDH20"	"M3"
"LTBP2"	"M3"
"HS3ST1"	"Not.Correlated"
"ST14"	"M2"
"SYT1"	"M8"
"HR"	"M1"
"EGR2"	"M2"
"NR4A1"	"M2"
"GBP4"	"M9"
"SCN1A"	"M1"
"EEF1AKMT3"	"Not.Correlated"
"FBXO2"	"M7"
"COL11A1"	"M1"
"CENPV"	"M6"
"MIAT"	"M1"
"ASIC4"	"M4"
"PPP1R9A"	"Not.Correlated"
"RPH3A"	"M1"
"CLSTN2"	"M1"
"GDPD2"	"M5"
"PDE1C"	"Not.Correlated"
"DOCK3"	"M3"
"NEU4"	"M4"
"GPD1"	"M7"
"ELMOD1"	"M2"
"KNDC1"	"M6"
"CHST9"	"M3"
"PROM1"	"Not.Correlated"
"RIN1"	"M1"
"TSPOAP1"	"M1"
"KLHL26"	"M6"
"C4A"	"Not.Correlated"
"LST1"	"M2"
"MEOX2"	"M1"
"FAM198A"	"Not.Correlated"
"SELENBP1"	"M4"
"ANKS1B"	"M7"
"LRRC17"	"Not.Correlated"
"ASPM"	"M6"
"ARFGEF3"	"M1"
"SOD3"	"M6"
"C21orf91"	"Not.Correlated"
"SIGLEC8"	"M2"
"DLL1"	"M1"
"MOG"	"M7"
"FOLR2"	"M2"
"TNFAIP6"	"Not.Correlated"
"MYH14"	"Not.Correlated"
"IGSF21"	"M1"
"COPZ2"	"M1"
"CD38"	"M3"
"HEPH"	"M6"
"COL28A1"	"M3"
"COL8A1"	"M4"
"NR2E1"	"M1"
"DIRAS2"	"M1"
"PRKCB"	"M8"
"CDH13"	"M1"
"RIMS3"	"M1"
"NSG2"	"M1"
"PLA2G5"	"M1"
"RSAD2"	"M9"
"SLC24A2"	"M7"
"SNHG15"	"Not.Correlated"
"C2"	"M2"
"TSPAN18"	"M6"
"PKIB"	"M7"
"GOLGA8A"	"Not.Correlated"
"ADGRA1"	"M4"
"AGAP2-AS1"	"Not.Correlated"
"CXCL12"	"M3"
"SHROOM3"	"M1"
"CD109"	"M1"
"WIPF3"	"Not.Correlated"
"MYBPC1"	"M6"
"PLEKHA5"	"Not.Correlated"
"FRMPD3"	"M4"
"PLPPR1"	"M1"
"MGAT5B"	"M1"
"RAB11FIP4"	"M7"
"STK32B"	"M6"
"CARMIL1"	"M1"
"VAT1L"	"M1"
"ZDHHC22"	"M4"
"IGLON5"	"M1"
"COL22A1"	"Not.Correlated"
"ZNF423"	"Not.Correlated"
"CXCL10"	"M9"
"DGKB"	"M4"
"DIO2"	"Not.Correlated"
"CMTM5"	"M7"
"HAS2"	"M3"
"CTXND1"	"M4"
"SEMA3F"	"M3"
"AMPH"	"M1"
"HIST1H1C"	"M2"
"ERBB3"	"M1"
"B3GAT2"	"M3"
"ETNK2"	"Not.Correlated"
"LINC01579"	"M5"
"CHRDL1"	"Not.Correlated"
"SRCIN1"	"M7"
"MIR9-3HG"	"M4"
"HCP5"	"M9"
"CADPS2"	"M6"
"GPR153"	"M1"
"ZNF518B"	"Not.Correlated"
"CITED1"	"Not.Correlated"
"ARSJ"	"M1"
"CA3"	"M5"
"CAMK2A"	"M8"
"TMEM145"	"M4"
"GOLGA8B"	"M2"
"GPX8"	"M4"
"SERINC2"	"M5"
"KIF18B"	"M6"
"PCLAF"	"M6"
"RAB36"	"M5"
"BSN"	"M1"
"TOX"	"Not.Correlated"
"ETV4"	"M7"
"RGS6"	"Not.Correlated"
"LUZP2"	"M1"
"INSM1"	"M6"
"CCDC71L"	"M2"
"ISLR"	"M3"
"GAD1"	"M1"
"PHYHIP"	"M8"
"LOXL1"	"M3"
"ABCA5"	"M5"
"AZGP1"	"M2"
"SPRED3"	"M3"
"AVIL"	"Not.Correlated"
"GPR158"	"Not.Correlated"
"MELK"	"M6"
"VAV3"	"M7"
"STUM"	"M1"
"FUT9"	"M1"
"PDE2A"	"M1"
"LAMP5"	"M8"
"SYN2"	"M8"
"PPP1R14A"	"M7"
"IL32"	"M2"
"PCSK1"	"M2"
"ARHGEF26-AS1"	"M3"
"RGN"	"M5"
"MOBP"	"M7"
"GPC6"	"Not.Correlated"
"CYTL1"	"Not.Correlated"
"HAPLN1"	"Not.Correlated"
"OPCML"	"M1"
"PTPRU"	"M2"
"TNXB"	"Not.Correlated"
"DUSP5"	"M3"
"STC2"	"M2"
"COL8A2"	"M4"
"MEGF11"	"M1"
"HTATIP2"	"M2"
"EPS8L2"	"M6"
"ABI3BP"	"M4"
"OXTR"	"Not.Correlated"
"ANGPT1"	"M1"
"CEMIP"	"M2"
"CPLX2"	"M8"
"FLRT2"	"Not.Correlated"
"BOK"	"M7"
"PHACTR3"	"M1"
"NID2"	"M3"
"PI16"	"M3"
"RORB"	"Not.Correlated"
"SPC24"	"M6"
"ENTPD2"	"M5"
"RAB3A"	"M8"
"AFF3"	"M1"
"GGTA1P"	"M2"
"RPE65"	"Not.Correlated"
"NXPH1"	"M1"
"HPCAL4"	"M8"
"GSG1L"	"M4"
"DISP3"	"M4"
"SCN3B"	"M1"
"SNCA"	"M8"
"PIRT"	"M5"
"SNCB"	"M8"
"LY96"	"M2"
"GPC2"	"M6"
"SECTM1"	"M2"
"TMEM35A"	"M1"
"COL7A1"	"M3"
"CACNA1A"	"M1"
"RAP1GAP2"	"M8"
"BAMBI"	"M1"
"CARNS1"	"M7"
"NMNAT2"	"M1"
"PCDHB16"	"Not.Correlated"
"PCDHGB2"	"Not.Correlated"
"MAP3K7CL"	"M1"
"SPON2"	"M3"
"GALNT8"	"M3"
"LIPG"	"Not.Correlated"
"SELL"	"M2"
"NXPH3"	"M4"
"POU3F4"	"Not.Correlated"
"SLC1A1"	"M1"
"GALNT13"	"M7"
"PIR"	"M5"
"PNPLA4"	"M5"
"CA14"	"M2"
"PRIMA1"	"M7"
"RANBP3L"	"M6"
"RAMP3"	"M5"
"CXXC4"	"M4"
"EGR3"	"M2"
"PAPLN"	"M6"
"NKD1"	"M4"
"PPP1R16B"	"M7"
"TROAP"	"M6"
"PCDHGB7"	"Not.Correlated"
"COL12A1"	"M3"
"NFKBIZ"	"M2"
"CGREF1"	"M4"
"BEST3"	"M3"
"SERPINI1"	"M8"
"FZD6"	"Not.Correlated"
"NGEF"	"M8"
"CLEC5A"	"M2"
"RGS11"	"Not.Correlated"
"NKX2-2"	"M4"
"EPSTI1"	"M9"
"MX2"	"M9"
"EPHB6"	"M8"
"B3GNT7"	"Not.Correlated"
"PCDHB7"	"Not.Correlated"
"MTAP"	"Not.Correlated"
"CHGB"	"M1"
"SYT7"	"M8"
"GRIK1"	"Not.Correlated"
"LGI4"	"M8"
"IL1R1"	"M2"
"FERMT1"	"M1"
"TPD52L1"	"M8"
"KIAA1211"	"M2"
"HIF3A"	"M2"
"CNDP1"	"M7"
"GNA15"	"M2"
"TUSC1"	"Not.Correlated"
"FLRT3"	"Not.Correlated"
"SPSB4"	"M4"
"IGSF1"	"Not.Correlated"
"BIRC3"	"M2"
"PCDHGC4"	"M4"
"AURKB"	"M6"
"SLC17A7"	"M8"
"COL27A1"	"M3"
"CYP1B1"	"M3"
"CSDC2"	"M1"
"SHOX2"	"Not.Correlated"
"CMPK2"	"M9"
"CHADL"	"M7"
"HSPA6"	"M2"
"SEMA3C"	"M3"
"SLCO1A2"	"M7"
"PCED1B-AS1"	"M2"
"FAM111B"	"M6"
"DLGAP5"	"M6"
"FBLN7"	"M1"
"BAALC-AS1"	"M5"
"SLC7A2"	"Not.Correlated"
"TVP23A"	"M5"
"LIF"	"M2"
"HLA-DRB6"	"M2"
"PAWR"	"Not.Correlated"
"SIGLEC1"	"M9"
"CA8"	"Not.Correlated"
"PCDH7"	"M1"
"TMPRSS5"	"M4"
"MPPED2"	"M4"
"CPLX1"	"M8"
"ADCY5"	"M1"
"TRMT9B"	"Not.Correlated"
"RASGRP1"	"Not.Correlated"
"BMP2"	"Not.Correlated"
"NECTIN3"	"Not.Correlated"
"SH3GL2"	"M1"
"CASKIN1"	"M1"
"TOM1L1"	"M5"
"ADAM8"	"M2"
"PHYHD1"	"Not.Correlated"
"OPLAH"	"M6"
"CCDC184"	"Not.Correlated"
"KCNIP3"	"M1"
"FAM89A"	"M1"
"ERBB4"	"M3"
"TCEA3"	"M5"
"PARM1"	"Not.Correlated"
"THBD"	"M2"
"HGF"	"M4"
"PRKCZ"	"M1"
"THEM4"	"Not.Correlated"
"ADAM33"	"Not.Correlated"
"LAMA1"	"Not.Correlated"
"RYR3"	"M6"
"FGF14"	"M1"
"DDIT4L"	"M5"
"FAM20A"	"M2"
"SERPINA3"	"M2"
"PODN"	"Not.Correlated"
"LY6H"	"M8"
"CLEC2B"	"M2"
"ANKRD35"	"M5"
"SEMA3A"	"Not.Correlated"
"NXPH4"	"M6"
"PLA2G2A"	"M2"
"S100A8"	"M2"
"GDAP1L1"	"M1"
"HAPLN2"	"M7"
"IGF2BP2"	"M3"
"LGI3"	"M7"
"DISP2"	"M4"
"COL14A1"	"M4"
"TNFAIP8L3"	"M2"
"KDM5D"	"Not.Correlated"
"L1CAM"	"M1"
"CBX2"	"M6"
"PDGFD"	"M1"
"DDX3Y"	"Not.Correlated"
"SNED1"	"M3"
"BVES"	"Not.Correlated"
"CMYA5"	"M1"
"FPR3"	"M2"
"GPR183"	"M2"
"LRRTM3"	"M4"
"IER3"	"M2"
"NMNAT3"	"M5"
"RGS4"	"M8"
"RAB7B"	"M1"
"LGI1"	"M6"
"HAMP"	"M2"
"TTK"	"M6"
"DGKI"	"M1"
"SDK1"	"Not.Correlated"
"EVC"	"M1"
"SLC47A2"	"M5"
"C16orf89"	"M5"
"VSNL1"	"M8"
"SLC14A1"	"M3"
"PCDHGC5"	"Not.Correlated"
"ATRNL1"	"M1"
"BMPER"	"M1"
"CPNE8"	"Not.Correlated"
"IL1B"	"M2"
"IGFBP6"	"M4"
"PPP2R2C"	"M8"
"EPHA3"	"Not.Correlated"
"STC1"	"M2"
"PTGS2"	"M2"
"ST6GAL2"	"M2"
"KCNB1"	"M3"
"KCNN2"	"M3"
"PLEKHH2"	"M2"
"ELAVL4"	"M1"
"NEK2"	"M6"
"MMP24"	"M1"
"MYO5C"	"M1"
"HLF"	"M8"
"ANPEP"	"M3"
"KIT"	"M1"
"FHL2"	"M3"
"LRIG3"	"M4"
"CREB3L1"	"Not.Correlated"
"ENPP5"	"M6"
"MET"	"M4"
"FAM78B"	"M2"
"SLPI"	"M2"
"CDC45"	"M6"
"GOLGA7B"	"M8"
"NEFL"	"M8"
"ZNF469"	"M7"
"ZNF713"	"Not.Correlated"
"CARD16"	"M9"
"CDKN2A"	"Not.Correlated"
"FZD8"	"M3"
"ARPP21"	"M1"
"MSTN"	"M3"
"TBX15"	"Not.Correlated"
"C2orf80"	"M4"
"CLDN10"	"M6"
"GLI2"	"M1"
"LINC01268"	"Not.Correlated"
"CACNA1C"	"M3"
"CPS1"	"Not.Correlated"
"DYNC1I1"	"M7"
"CACNA1G"	"Not.Correlated"
"CAVIN2"	"Not.Correlated"
"EMB"	"M2"
"DRP2"	"M1"
"NEGR1"	"M8"
"SNAI2"	"M3"
"MIR4458HG"	"Not.Correlated"
"ITGA4"	"M3"
"ADAMTS15"	"Not.Correlated"
"SULT1A1"	"M2"
"CDCP1"	"M2"
"HTRA3"	"M3"
"ETNPPL"	"M3"
"SLITRK5"	"M1"
"SLC44A5"	"M1"
"LNX1"	"M6"
"THNSL2"	"Not.Correlated"
"MMP17"	"M1"
"RNF165"	"M1"
"ME1"	"Not.Correlated"
"IGF2BP3"	"M6"
"FOLH1"	"M7"
"SKA3"	"M6"
"NTNG1"	"Not.Correlated"
"NAV3"	"M7"
"NOL4"	"M1"
"AK5"	"M8"
"AHNAK2"	"M4"
"ZIC2"	"M1"
"FAM83D"	"M6"
"CPNE4"	"Not.Correlated"
"SMOC2"	"M3"
"GLB1L2"	"Not.Correlated"
"C1QTNF3"	"Not.Correlated"
"ENPP6"	"M7"
"FAM57B"	"M1"
"CTHRC1"	"M3"
"DOCK5"	"M7"
"GDF15"	"M1"
"CFD"	"M2"
"TREM1"	"M2"
"STEAP2"	"M6"
"GRM3"	"M7"
"FOSL1"	"M2"
"SDS"	"M2"
"ELFN1"	"M9"
"HPGDS"	"M2"
"HPCA"	"M8"
"FNDC5"	"Not.Correlated"
"KLHDC9"	"M5"
"CASQ1"	"M3"
"CLCF1"	"M2"
"CDON"	"M6"
"SPOCK3"	"M7"
"CELF3"	"M1"
"NRSN1"	"M1"
"PCOLCE2"	"Not.Correlated"
"PTCHD1"	"Not.Correlated"
"JAK3"	"M2"
"SRRM3"	"M1"
"CELSR1"	"Not.Correlated"
"GULP1"	"Not.Correlated"
"BTBD17"	"M4"
"TMEM151A"	"M7"
"GPR17"	"M1"
"XAF1"	"M9"
"MT1G"	"M2"
"ZNF662"	"M2"
"DUSP26"	"M1"
"CCDC8"	"Not.Correlated"
"ZFPM2"	"M1"
"KCNIP4"	"Not.Correlated"
"SNTG1"	"M4"
"MYRIP"	"M3"
"PPIL6"	"M5"
"NFIA-AS2"	"M3"
"ZMYND10"	"M5"
"FOSB"	"M2"
"CD36"	"M3"
"TGFA"	"Not.Correlated"
"SLAMF8"	"M2"
"ITPR3"	"M3"
"ZDHHC23"	"Not.Correlated"
"HOXB3"	"M7"
"LRRN4CL"	"M1"
"NOV"	"Not.Correlated"
"BATF3"	"Not.Correlated"
"BEGAIN"	"Not.Correlated"
"CAMK4"	"M8"
"FBLN2"	"M3"
"MCHR1"	"Not.Correlated"
"KCNT2"	"Not.Correlated"
"NUDT10"	"M1"
"PEX5L"	"M7"
"ZNF229"	"Not.Correlated"
"FAM135B"	"M3"
"RCAN3"	"M1"
"TMEM246"	"M1"
"TRNP1"	"Not.Correlated"
"MIR210HG"	"M2"
"UBE2QL1"	"M1"
"PLPPR5"	"Not.Correlated"
"H19"	"Not.Correlated"
"AMIGO2"	"M4"
"ZFHX4-AS1"	"Not.Correlated"
"PAIP2B"	"M7"
"SNAP91"	"M1"
"TMEFF2"	"M7"
"FGFBP3"	"M4"
"ZNF385D"	"Not.Correlated"
"HUNK"	"M6"
"SYT12"	"M6"
"TSTD1"	"M5"
"ADAMTS7"	"M3"
"TMEM151B"	"M1"
"MYT1"	"M1"
"DES"	"Not.Correlated"
"PAX8-AS1"	"Not.Correlated"
"RIPOR3"	"M5"
"AKR1C3"	"Not.Correlated"
"CA9"	"M2"
"FOXD1"	"Not.Correlated"
"ESM1"	"M3"
"BATF2"	"M9"
"PAK3"	"M1"
"SLC47A1"	"Not.Correlated"
"MAL"	"M7"
"RAB27B"	"M1"
"HS3ST3B1"	"M1"
"ZBTB7C"	"M5"
"RTKN2"	"M6"
"CACNG8"	"M4"
"KCNC1"	"M1"
"SHISA9"	"M1"
"B3GALT2"	"M1"
"BMP8B"	"M1"
"TXLNB"	"M5"
"HSF4"	"Not.Correlated"
"NAP1L2"	"M8"
"ANKRD65"	"Not.Correlated"
"TNFRSF11B"	"M1"
"UNC5A"	"M1"
"TRPM3"	"M1"
"MMP19"	"M2"
"VSTM2L"	"M8"
"CDKN2B"	"Not.Correlated"
"UNC79"	"M1"
"EDA2R"	"Not.Correlated"
"TSPYL5"	"Not.Correlated"
"PPP1R1C"	"Not.Correlated"
"PRODH"	"M3"
"CAVIN3"	"M3"
"FBN2"	"Not.Correlated"
"LAMB3"	"M1"
"FBXL2"	"Not.Correlated"
"RAB33A"	"M1"
"HS6ST2"	"Not.Correlated"
"SHISA6"	"Not.Correlated"
"SIMC1"	"Not.Correlated"
"FAM155A"	"M8"
"REPS2"	"M7"
"TMEM179"	"M1"
"SYNGR3"	"M8"
"NINL"	"M2"
"FAM50B"	"Not.Correlated"
"NOS2"	"Not.Correlated"
"SSC5D"	"M4"
"IBSP"	"M2"
"ESCO2"	"M6"
"MYO5B"	"Not.Correlated"
"SGO1"	"M6"
"CRYBG1"	"M2"
"MYCN"	"M6"
"AMH"	"M2"
"PDE1A"	"M7"
"TCTEX1D1"	"M5"
"DBX2"	"M1"
"BCL2A1"	"M2"
"SLC4A10"	"M8"
"SIM2"	"M6"
"DMRTA2"	"M1"
"LRRC61"	"Not.Correlated"
"TP73"	"M6"
"RNASE2"	"M2"
"ADAMTS14"	"M3"
"CSMD1"	"M4"
"PERP"	"M4"
"DEPDC1B"	"M6"
"TMEM130"	"M8"
"DSCAML1"	"M1"
"PRR18"	"M7"
"H2AFY2"	"M5"
"CXorf57"	"Not.Correlated"
"SYT6"	"M1"
"ZBTB16"	"Not.Correlated"
"IGDCC3"	"M2"
"SNORC"	"M1"
"CAMKV"	"M1"
"EXTL1"	"M1"
"WISP1"	"M3"
"B4GALT6"	"Not.Correlated"
"PNCK"	"M8"
"CDHR1"	"M4"
"NLGN4Y"	"Not.Correlated"
"FCGR2B"	"M2"
"DCC"	"M1"
"KDELR3"	"M4"
"FRRS1L"	"M1"
"NRIP3"	"M8"
"CDK5R2"	"M1"
"CELF5"	"M1"
"CRABP2"	"M3"
"SLC12A5"	"M8"
"TSHZ2"	"Not.Correlated"
"KCNN1"	"M1"
"WNK2"	"M1"
"SLN"	"Not.Correlated"
"GABRA2"	"M8"
"CCL3"	"M2"
"ZNF404"	"Not.Correlated"
"SERPINA5"	"M2"
"GSTT2B"	"Not.Correlated"
"COX7A1"	"Not.Correlated"
"BRINP1"	"M8"
"USP9Y"	"Not.Correlated"
"PRDM16"	"Not.Correlated"
"SH2D4A"	"M1"
"EMX2OS"	"M6"
"SORCS3"	"M1"
"DPEP1"	"Not.Correlated"
"AGMO"	"M1"
"SIRPB2"	"M2"
"LMO1"	"M4"
"MYO16"	"M4"
"KIRREL3"	"M8"
"CACNB2"	"Not.Correlated"
"MRC1"	"M2"
"CHRNB2"	"M1"
"FAM196A"	"M3"
"ADAMTS2"	"M3"
"MFAP2"	"M3"
"EIF1AY"	"Not.Correlated"
"SKA1"	"M6"
"TTC9B"	"M1"
"PRICKLE1"	"Not.Correlated"
"ATP23"	"Not.Correlated"
"PRPH"	"Not.Correlated"
"GABRB3"	"M1"
"MN1"	"M5"
"CH25H"	"M2"
"TXLNGY"	"Not.Correlated"
"E2F2"	"M6"
"ERICH3"	"M5"
"MYH7"	"M4"
"NWD1"	"M6"
"F2RL1"	"Not.Correlated"
"PYGM"	"M6"
"GPRC5A"	"M2"
"MTTP"	"M5"
"KCNJ9"	"M1"
"ANGPTL1"	"Not.Correlated"
"BTBD11"	"M2"
"RAB3C"	"M1"
"DNAH7"	"M5"
"SAA1"	"M2"
"DDX25"	"M1"
"RSPH1"	"M5"
"AC020916.1"	"Not.Correlated"
"MYCL"	"M1"
"ANO5"	"M1"
"SLC16A7"	"Not.Correlated"
"CHST8"	"M4"
"GSTM5"	"Not.Correlated"
"KCNIP2"	"M1"
"PLPP4"	"M7"
"PPL"	"M5"
"TOX3"	"M6"
"HIST3H2A"	"Not.Correlated"
"EGFLAM"	"M3"
"HSPB7"	"M5"
"MAGEE1"	"M8"
"HHATL"	"M7"
"SLC39A4"	"M1"
"CCL4"	"M2"
"COL4A6"	"M6"
"MYO1G"	"M2"
"FNDC10"	"Not.Correlated"
"G0S2"	"M2"
"STAC"	"M6"
"PCDHB2"	"Not.Correlated"
"RASGEF1A"	"M7"
"SLC25A27"	"M1"
"ANKRD22"	"M2"
"TFR2"	"Not.Correlated"
"CNTNAP2"	"M8"
"NTN4"	"M1"
"CCDC120"	"Not.Correlated"
"MCM10"	"M6"
"LINC01503"	"M2"
"CYB5R2"	"Not.Correlated"
"EYA1"	"M1"
"MLXIPL"	"M2"
"KCNJ5"	"M2"
"HOTAIRM1"	"Not.Correlated"
"LINC01354"	"M3"
"SSTR2"	"M1"
"MAATS1"	"M5"
"ASPA"	"M7"
"KLK6"	"M7"
"RTN4RL2"	"M1"
"PPFIA2"	"M1"
"PI4KAP1"	"M2"
"MMP11"	"M3"
"GRID2"	"M1"
"LINC00092"	"M5"
"SIX5"	"M1"
"CCDC152"	"Not.Correlated"
"KCNK2"	"Not.Correlated"
"SLC4A11"	"Not.Correlated"
"CARMIL3"	"M4"
"COL11A2"	"M2"
"SCN2B"	"M8"
"HLA-DQA2"	"M2"
"ACSM5"	"M2"
"TCAF2"	"M2"
"SDK2"	"M2"
"CHGA"	"M8"
"MIRLET7BHG"	"Not.Correlated"
"SLC16A10"	"M2"
"STOX1"	"M3"
"HRASLS"	"M1"
"UNC5C"	"Not.Correlated"
"SPAG4"	"M2"
"SEMA3E"	"Not.Correlated"
"NRXN3"	"M8"
"GRIN2C"	"M3"
"FAT4"	"Not.Correlated"
"INAVA"	"M6"
"RNF175"	"Not.Correlated"
"COL15A1"	"M3"
"ELFN2"	"M1"
"CLEC18B"	"M1"
"FAP"	"M4"
"ZNF681"	"M6"
"TTC12"	"M1"
"HIST1H2BD"	"Not.Correlated"
"PCDH8"	"Not.Correlated"
"TENM3"	"Not.Correlated"
"CD48"	"M2"
"LINC01235"	"M3"
"KLHL32"	"M7"
"LINC01102"	"M4"
"HOXA5"	"Not.Correlated"
"OASL"	"M9"
"EYA4"	"Not.Correlated"
"TFCP2L1"	"Not.Correlated"
"ZNF488"	"M7"
"RPL39L"	"Not.Correlated"
"SIGLEC14"	"M2"
"INA"	"M1"
"SVEP1"	"M3"
"CDCA2"	"M6"
"ARHGDIG"	"M8"
"NKAIN1"	"M1"
"RTN4R"	"M8"
"ODF3B"	"M9"
"SNHG18"	"Not.Correlated"
"YJEFN3"	"M2"
"STPG1"	"M6"
"CACNA1E"	"M1"
"GJB1"	"M7"
"CRTAC1"	"M1"
"SPATA17"	"M5"
"ACKR1"	"M1"
"DPP4"	"M3"
"SLC8A3"	"M1"
"SYT5"	"M8"
"EPHA5"	"Not.Correlated"
"SNCG"	"M8"
"HHIP"	"M7"
"HAGLR"	"M1"
"RGS18"	"M2"
"LRRC3B"	"M1"
"NHS"	"M4"
"PLAGL1"	"M4"
"TC2N"	"Not.Correlated"
"SMPD3"	"M1"
"RGS20"	"Not.Correlated"
"ATP10B"	"M7"
"FAM189A1"	"M8"
"LYVE1"	"M2"
"ALDH1L1-AS2"	"M5"
"GNG3"	"M8"
"PCSK6"	"M7"
"ADAMTS3"	"M7"
"FREM1"	"M2"
"JPH3"	"M1"
"CHRM3"	"Not.Correlated"
"SHISA7"	"M1"
"RTP4"	"M9"
"LRRC2"	"M5"
"SOCS2-AS1"	"Not.Correlated"
"FBN3"	"M1"
"BICC1"	"M4"
"CABCOCO1"	"M5"
"VAX2"	"M6"
"GJB2"	"M2"
"CCL5"	"M2"
"F12"	"Not.Correlated"
"HK3"	"M2"
"COL9A1"	"M4"
"CLSPN"	"M6"
"PCDH15"	"M1"
"TMIE"	"M5"
"KIF26A"	"M6"
"ZNF135"	"Not.Correlated"
"TPBG"	"M4"
"NEURL1"	"M8"
"HP"	"M2"
"PDCD1LG2"	"M9"
"FA2H"	"M7"
"PLPP2"	"M7"
"CCR5"	"M2"
"MPZL2"	"M3"
"GABRD"	"M8"
"SLC39A12"	"M6"
"SIDT1"	"M3"
"CALHM6"	"M2"
"MEGF6"	"M2"
"PTER"	"M8"
"TMEM71"	"M1"
"PTGIS"	"M3"
"SNX20"	"M2"
"OSM"	"M2"
"OGDHL"	"M8"
"LINC00672"	"Not.Correlated"
"ACTG2"	"M3"
"SYT4"	"M1"
"CDC25C"	"M6"
"LILRB2"	"M2"
"GRIN1"	"M8"
"SEMA3G"	"M2"
"SIX1"	"M6"
"PACSIN1"	"M8"
"PCLO"	"M8"
"GABRQ"	"M1"
"CD274"	"M1"
"C10orf90"	"M7"
"EMX2"	"M6"
"CABP7"	"M1"
"ZNF726"	"M6"
"SLC7A14"	"M7"
"BCYRN1"	"M8"
"GCK"	"Not.Correlated"
"CYP4F11"	"M6"
"TWIST1"	"M3"
"SCN7A"	"Not.Correlated"
"IGSF9B"	"M1"
"STXBP5L"	"M1"
"DDN"	"M8"
"SLC10A4"	"Not.Correlated"
"LINC00639"	"Not.Correlated"
"NECAB2"	"M1"
"PCDHB5"	"Not.Correlated"
"ADAMTS5"	"Not.Correlated"
"PILRB"	"M2"
"PCDHGA9"	"Not.Correlated"
"JPH2"	"Not.Correlated"
"MEX3B"	"M6"
"FOXD3-AS1"	"M6"
"CLEC3B"	"M5"
"ACP5"	"M2"
"THSD4"	"M2"
"LRRTM4"	"M1"
"HSD17B6"	"Not.Correlated"
"GCNT1"	"M4"
"CDS1"	"M6"
"IQSEC3"	"M8"
"MRGPRF"	"M4"
"CA10"	"M1"
"HERC2P3"	"Not.Correlated"
"CEP126"	"M5"
"C7"	"M3"
"HOXB2"	"Not.Correlated"
"NINJ2"	"M7"
"WDR49"	"M5"
"ALK"	"Not.Correlated"
"DPP10"	"M1"
"GJC2"	"M7"
"SYT3"	"M1"
"SSPO"	"Not.Correlated"
"CD69"	"M2"
"SFRP1"	"Not.Correlated"
"MMD2"	"M4"
"RGS9"	"M3"
"RLBP1"	"M4"
"GALR1"	"Not.Correlated"
"CHRNA9"	"M1"
"BDKRB2"	"M2"
"BEX5"	"M8"
"CLVS2"	"M1"
"ABCC8"	"M1"
"SLC6A17"	"M8"
"SYT16"	"M1"
"CCDC78"	"M2"
"ASPN"	"M3"
"AIFM3"	"M6"
"FAM181A-AS1"	"M5"
"NAALAD2"	"Not.Correlated"
"ADAMTS12"	"M3"
"SOCS1"	"M1"
"CRLF1"	"Not.Correlated"
"ZFP69"	"Not.Correlated"
"SHANK1"	"M1"
"PHF24"	"M8"
"PIEZO2"	"M3"
"ZCCHC12"	"M1"
"MYH11"	"Not.Correlated"
"SLC24A4"	"M6"
"FLRT1"	"M1"
"KCNK1"	"M7"
"CNTNAP4"	"M7"
"GTF2H2"	"Not.Correlated"
"PTPRT"	"M1"
"RUNX1T1"	"M5"
"TBX3"	"M2"
"CELF4"	"M8"
"BCL11A"	"M1"
"ROR1"	"M7"
"RARRES1"	"M4"
"NKX6-2"	"M7"
"LGR6"	"M5"
"GBP5"	"M9"
"KCNK10"	"M1"
"GSTM1"	"Not.Correlated"
"RGL3"	"M6"
"PCDHGA10"	"Not.Correlated"
"LEFTY2"	"Not.Correlated"
"PRR29"	"M5"
"DSC2"	"M2"
"PCDHB15"	"Not.Correlated"
"GPR82"	"M2"
"MORN3"	"M5"
"GPIHBP1"	"M7"
"EFHC2"	"M5"
"GNAL"	"M1"
"B3GALT5"	"M5"
"SLIT3"	"M3"
"FBXO27"	"Not.Correlated"
"RASGEF1C"	"M7"
"DLX1"	"M6"
"TFAP2A"	"M6"
"STXBP6"	"M7"
"PRRG4"	"M2"
"ZDHHC11B"	"M1"
"RRAD"	"Not.Correlated"
"ICAM5"	"M8"
"PLD5"	"Not.Correlated"
"GBP1P1"	"M9"
"KCNQ5"	"M1"
"ARSI"	"M1"
"FCGR1B"	"M2"
"DOK6"	"M8"
"GFRA2"	"Not.Correlated"
"LCTL"	"M1"
"CXCL9"	"M9"
"SORCS1"	"Not.Correlated"
"SLC45A3"	"M7"
"HOXA10"	"Not.Correlated"
"XKR4"	"M1"
"SLIT2"	"Not.Correlated"
"FAM110C"	"M5"
"OLFML1"	"Not.Correlated"
"ST8SIA3"	"M1"
"TMSB15A"	"M6"
"NTSR2"	"M3"
"DLEC1"	"M5"
"EN1"	"Not.Correlated"
"CXCL2"	"M2"
"FAM182B"	"M3"
"PLCH2"	"M7"
"KCNJ11"	"M4"
"MSH5"	"M2"
"TDO2"	"M2"
"CSTA"	"M2"
"NPR1"	"M3"
"ZFY"	"Not.Correlated"
"ANK1"	"Not.Correlated"
"HMCN1"	"M3"
"UTY"	"Not.Correlated"
"HOGA1"	"M6"
"PLCB4"	"M1"
"GPC5"	"M6"
"SYT14"	"M1"
"IL4I1"	"M2"
"GAPT"	"M2"
"NOMO3"	"Not.Correlated"
"WNT7A"	"M4"
"PLCH1"	"M6"
"PRF1"	"M2"
"BNC2"	"M4"
"HOXC10"	"Not.Correlated"
"GLIPR1L2"	"M5"
"NEIL3"	"M6"
"EVC2"	"M1"
"NKX2-5"	"Not.Correlated"
"HOXD9"	"Not.Correlated"
"DOC2A"	"M8"
"OTX1"	"Not.Correlated"
"GABRA3"	"M1"
"KCNS3"	"M1"
"PTPN5"	"M8"
"FOXF1"	"Not.Correlated"
"DAB1"	"M1"
"PCDHB4"	"Not.Correlated"
"DPY19L2"	"M2"
"ARX"	"Not.Correlated"
"SFRP2"	"M3"
"HRK"	"M1"
"RASL11B"	"M1"
"PCSK2"	"M1"
"PITX1"	"Not.Correlated"
"DLGAP3"	"M1"
"SYNC"	"M5"
"EXO5"	"Not.Correlated"
"KIAA0319"	"M5"
"RERG"	"M5"
"TENM2"	"M8"
"CREG2"	"M8"
"SPEF1"	"M5"
"HAS3"	"M1"
"SYT13"	"M8"
"CFAP61"	"M5"
"RIBC1"	"M5"
"RASL10A"	"M1"
"HOXD10"	"Not.Correlated"
"PYROXD2"	"Not.Correlated"
"C4orf19"	"Not.Correlated"
"FGF13"	"M8"
"AQP9"	"M2"
"TMEM221"	"M1"
"SPAG8"	"M5"
"SGSM1"	"M1"
"PRSS12"	"M2"
"ASXL3"	"M1"
"PXDNL"	"M3"
"SMIM5"	"M5"
"CFAP221"	"M5"
"LY75"	"M2"
"MRAP2"	"Not.Correlated"
"AQP5"	"M5"
"CFAP54"	"M5"
"LRAT"	"M5"
"TEX26"	"M5"
"ZIM2-AS1"	"M6"
"JHY"	"M5"
"NEFH"	"M8"
"GAL3ST1"	"M7"
"CD300LF"	"M2"
"STEAP1"	"M6"
"PDE10A"	"M1"
"ZNF781"	"M6"
"MT1L"	"M5"
"KCNQ4"	"M5"
"PCDHB3"	"Not.Correlated"
"PNMA6A"	"M8"
"NEXMIF"	"Not.Correlated"
"ERFE"	"M6"
"C1QL4"	"Not.Correlated"
"CYGB"	"M3"
"NSUN7"	"M5"
"SLITRK1"	"M1"
"TLE6"	"Not.Correlated"
"VIPR2"	"M1"
"ST18"	"M7"
"INHBA"	"M3"
"TRPM8"	"Not.Correlated"
"EN2"	"Not.Correlated"
"CAMSAP3"	"M1"
"HRASLS5"	"M5"
"EPB41L4B"	"M1"
"HLA-DQB2"	"M2"
"LRRTM1"	"M1"
"RGS22"	"M5"
"GFRA1"	"M1"
"ADAMTSL1"	"Not.Correlated"
"MAP3K9"	"M1"
"GRIN2A"	"M8"
"RMST"	"M3"
"SUSD5"	"M1"
"VASH2"	"M6"
"CHODL"	"Not.Correlated"
"SV2B"	"M8"
"LINC00982"	"M8"
"PRRT4"	"Not.Correlated"
"RPRM"	"M1"
"SULT4A1"	"M8"
"PCDHB6"	"Not.Correlated"
"CHSY3"	"M3"
"SLFN13"	"Not.Correlated"
"DOC2B"	"M8"
"TOX2"	"Not.Correlated"
"EFNA5"	"Not.Correlated"
"IQCA1"	"M5"
"ACTL6B"	"M1"
"TLR10"	"M2"
"SPTSSB"	"M2"
"C8orf34"	"M5"
"ITGA8"	"M3"
"JAKMIP1"	"M1"
"LRRC7"	"M8"
"GDA"	"M8"
"KAZALD1"	"M1"
"ARHGAP44"	"M8"
"LINC01551"	"Not.Correlated"
"GALNT17"	"M8"
"MAEL"	"M7"
"P2RX6"	"Not.Correlated"
"FAM184B"	"M4"
"FKBP9P1"	"M7"
"PCP4"	"M1"
"LINC00320"	"M7"
"ACAN"	"M1"
"CHD5"	"M8"
"HBA1"	"Not.Correlated"
"BAALC-AS2"	"Not.Correlated"
"CXCL11"	"M9"
"PDGFRL"	"M4"
"C2orf40"	"Not.Correlated"
"FST"	"Not.Correlated"
"CBS"	"M2"
"AOX1"	"M2"
"ZNF536"	"M7"
"RAMP2-AS1"	"M6"
"CHRNA1"	"Not.Correlated"
"DGAT2"	"Not.Correlated"
"C1orf194"	"M5"
"VEPH1"	"Not.Correlated"
"RERGL"	"Not.Correlated"
"MAGEL2"	"M9"
"WNT7B"	"M7"
"NKAIN2"	"M7"
"CYP19A1"	"M2"
"SMAGP"	"M3"
"CTNNA3"	"M7"
"FIBCD1"	"Not.Correlated"
"ZMYND12"	"M5"
"EGF"	"M1"
"PI15"	"M3"
"PRDM8"	"M8"
"RASGRF1"	"M7"
"CD52"	"M2"
"IL7R"	"M2"
"SIGLEC7"	"M2"
"RAB3B"	"M1"
"S100A3"	"M2"
"ZIC5"	"M1"
"DACH1"	"Not.Correlated"
"RDH5"	"M1"
"PMAIP1"	"M4"
"KCNE5"	"Not.Correlated"
"TRPC6"	"M3"
"ARSF"	"M5"
"FAM19A2"	"M8"
"HOXB7"	"M7"
"LINC00689"	"M1"
"STRA6"	"M3"
"SMN2"	"Not.Correlated"
"CLMP"	"M3"
"KCNJ4"	"M8"
"KCTD16"	"M1"
"HOXA3"	"Not.Correlated"
"PRSS35"	"Not.Correlated"
"SHANK2"	"M1"
"APOBEC3B"	"M6"
"CD300C"	"M2"
"A2ML1"	"M5"
"ELAVL2"	"M1"
"RET"	"Not.Correlated"
"ANKRD45"	"M5"
"MCF2L2"	"M1"
"NRG3"	"M8"
"BTNL9"	"M2"
"PLEKHG4"	"Not.Correlated"
