"gene"	"cancer"	"logFC"	"adj.P.val"
"1"	"BCL2"	"BRCA"	-0.650793656732086	7.72464070893632e-05
"2"	"BCL2L1"	"BRCA"	0.382589560240682	1.34175992525853e-11
"3"	"BCL2L2"	"BRCA"	-0.99493871892949	1.55255878075329e-58
"4"	"MCL1"	"BRCA"	-0.234977120961835	0.000194231563753339
"5"	"BCL2A1"	"BRCA"	1.40757735638455	1.53472959665846e-12
"6"	"BCL2L10"	"BRCA"	0	1
"7"	"BAX"	"BRCA"	0.828116720804281	9.53845269510979e-56
"8"	"BAK1"	"BRCA"	0.824223202316295	2.07084435799193e-32
"9"	"BOK"	"BRCA"	-1.32689196051047	3.75880892231916e-41
"10"	"BCL2"	"GBM"	-0.560143562583099	0.048383283664473
"11"	"BCL2L1"	"GBM"	0	1
"12"	"BCL2L2"	"GBM"	-2.44431365154586	3.06864698179549e-14
"13"	"MCL1"	"GBM"	1.37738006848691	1.94184381282786e-09
"14"	"BCL2A1"	"GBM"	2.87627038341581	0.00694788255755993
"15"	"BCL2L10"	"GBM"	0	1
"16"	"BAX"	"GBM"	1.59570908407753	6.43273955247038e-09
"17"	"BAK1"	"GBM"	1.25534507456863	4.08652529129772e-05
"18"	"BOK"	"GBM"	-2.2664177864585	5.76067606915204e-06
"19"	"BCL2"	"LUAD"	0	1
"20"	"BCL2L1"	"LUAD"	0	1
"21"	"BCL2L2"	"LUAD"	-1.00074844421911	3.91882315542929e-36
"22"	"MCL1"	"LUAD"	-0.482333263524852	1.65408164299178e-08
"23"	"BCL2A1"	"LUAD"	-1.33910498954568	1.71818611090783e-17
"24"	"BCL2L10"	"LUAD"	0	1
"25"	"BAX"	"LUAD"	0.196349413482206	0.00443450362913457
"26"	"BAK1"	"LUAD"	0.765043901646317	3.29946897862129e-16
"27"	"BOK"	"LUAD"	-0.571295715274795	2.67138693639554e-06
"28"	"BCL2"	"UCEC"	-1.9866799874357	3.98607292872363e-09
"29"	"BCL2L1"	"UCEC"	0.480814822451681	0.000616382446723232
"30"	"BCL2L2"	"UCEC"	-1.52024489261595	2.22147696116305e-24
"31"	"MCL1"	"UCEC"	0	1
"32"	"BCL2A1"	"UCEC"	1.48968607678028	9.96186327203111e-07
"33"	"BCL2L10"	"UCEC"	0	1
"34"	"BAX"	"UCEC"	0.834290685892577	8.8551106510714e-10
"35"	"BAK1"	"UCEC"	1.2311959309813	3.29680512768447e-16
"36"	"BOK"	"UCEC"	-0.572021817265427	0.00642868473257654
"37"	"BCL2"	"KIRC"	0.711677069511278	7.24612534175013e-10
"38"	"BCL2L1"	"KIRC"	0	1
"39"	"BCL2L2"	"KIRC"	-0.689458416793721	7.80746201432237e-16
"40"	"MCL1"	"KIRC"	0	1
"41"	"BCL2A1"	"KIRC"	2.87327038875851	7.00543474081353e-32
"42"	"BCL2L10"	"KIRC"	-3.0617381964742	2.48988771043081e-17
"43"	"BAX"	"KIRC"	1.05281455992865	1.04678441965503e-61
"44"	"BAK1"	"KIRC"	0	1
"45"	"BOK"	"KIRC"	-0.40697881780982	0.00079465551001241
"46"	"BCL2"	"HNSC"	-0.971921614926557	0.000766160761730298
"47"	"BCL2L1"	"HNSC"	0	1
"48"	"BCL2L2"	"HNSC"	0	1
"49"	"MCL1"	"HNSC"	0	1
"50"	"BCL2A1"	"HNSC"	0.939369897311086	4.90265464243161e-05
"51"	"BCL2L10"	"HNSC"	0	1
"52"	"BAX"	"HNSC"	0.676614849391545	1.94055914295332e-16
"53"	"BAK1"	"HNSC"	0.714758160074046	5.28890147064707e-07
"54"	"BOK"	"HNSC"	-0.386478374420176	0.00769316078182172
"55"	"BCL2"	"THCA"	-1.83783897223799	1.78590623736584e-27
"56"	"BCL2L1"	"THCA"	1.0055123956546	7.13660106001363e-26
"57"	"BCL2L2"	"THCA"	-0.46351684130075	8.83177105747077e-12
"58"	"MCL1"	"THCA"	-0.349148497286169	9.1964380779345e-06
"59"	"BCL2A1"	"THCA"	0.550432762177948	0.00383051309985388
"60"	"BCL2L10"	"THCA"	0.600678724902046	0.0367060510234691
"61"	"BAX"	"THCA"	0.937300877442218	1.31828442411565e-37
"62"	"BAK1"	"THCA"	0	1
"63"	"BOK"	"THCA"	-0.642677844906606	8.68756082987497e-06
"64"	"BCL2"	"LUSC"	0	1
"65"	"BCL2L1"	"LUSC"	-0.44268286442553	1.49505794519726e-06
"66"	"BCL2L2"	"LUSC"	-0.596803072591866	2.26884556481463e-10
"67"	"MCL1"	"LUSC"	-1.02243191731178	4.83312555568782e-30
"68"	"BCL2A1"	"LUSC"	-1.75165705673507	1.90081750252163e-18
"69"	"BCL2L10"	"LUSC"	5.40465061094583	1.80894821287601e-19
"70"	"BAX"	"LUSC"	0.19935618648833	0.00499545870039593
"71"	"BAK1"	"LUSC"	0.900192249597064	4.04116113138525e-17
"72"	"BOK"	"LUSC"	-1.25434118875034	1.53229052880451e-18
"73"	"BCL2"	"PRAD"	-1.05676522485774	2.38249275267711e-11
"74"	"BCL2L1"	"PRAD"	0.259731197442731	7.2560969876774e-07
"75"	"BCL2L2"	"PRAD"	0	1
"76"	"MCL1"	"PRAD"	0	1
"77"	"BCL2A1"	"PRAD"	0.509925631145347	0.00565956391281434
"78"	"BCL2L10"	"PRAD"	0.783079098995567	0.00107822572305954
"79"	"BAX"	"PRAD"	0.421322040524083	1.61788424179205e-10
"80"	"BAK1"	"PRAD"	0.131760971359159	0.0504375613534604
"81"	"BOK"	"PRAD"	0	1
"82"	"BCL2"	"COAD"	-1.86218813192761	2.70884310868514e-25
"83"	"BCL2L1"	"COAD"	0.787504968720156	1.68003138140341e-12
"84"	"BCL2L2"	"COAD"	-0.845237472383649	8.90143739423849e-24
"85"	"MCL1"	"COAD"	0	1
"86"	"BCL2A1"	"COAD"	1.10014561022132	0.000876075278557492
"87"	"BCL2L10"	"COAD"	-1.45112196170007	0.000107807684277091
"88"	"BAX"	"COAD"	0	1
"89"	"BAK1"	"COAD"	-0.889313792427167	8.96966279541306e-16
"90"	"BOK"	"COAD"	0.461041700566526	0.00503767706149354
"91"	"BCL2"	"STAD"	-1.14181093532745	3.03671701216085e-08
"92"	"BCL2L1"	"STAD"	0.742813861163907	5.92204439085926e-07
"93"	"BCL2L2"	"STAD"	-0.758337091829617	1.83740038548624e-11
"94"	"MCL1"	"STAD"	0	1
"95"	"BCL2A1"	"STAD"	1.16417533774349	0.00182537644597826
"96"	"BCL2L10"	"STAD"	0	1
"97"	"BAX"	"STAD"	0.469195945585543	0.000292296779941557
"98"	"BAK1"	"STAD"	0	1
"99"	"BOK"	"STAD"	0	1
"100"	"BCL2"	"BLCA"	-1.68379654273762	2.77745132735611e-09
"101"	"BCL2L1"	"BLCA"	0.647197246353937	0.00167217276530713
"102"	"BCL2L2"	"BLCA"	-1.14895161653878	5.58087407764294e-10
"103"	"MCL1"	"BLCA"	-0.516108024220518	0.00959082841946886
"104"	"BCL2A1"	"BLCA"	0	1
"105"	"BCL2L10"	"BLCA"	0	1
"106"	"BAX"	"BLCA"	0.706919544076554	3.60411095670652e-07
"107"	"BAK1"	"BLCA"	0.638696051723127	0.00891234756477181
"108"	"BOK"	"BLCA"	-1.00567769028114	0.000238868604165884
"109"	"BCL2"	"LIHC"	0	1
"110"	"BCL2L1"	"LIHC"	0	1
"111"	"BCL2L2"	"LIHC"	0	1
"112"	"MCL1"	"LIHC"	-0.553968126769584	3.94397381276622e-05
"113"	"BCL2A1"	"LIHC"	-0.642778323965651	0.00013167700532826
"114"	"BCL2L10"	"LIHC"	-2.02180265418134	0.0379475007758122
"115"	"BAX"	"LIHC"	0.643798543648077	9.3740852993258e-10
"116"	"BAK1"	"LIHC"	0.634958376345997	3.76793504026161e-08
"117"	"BOK"	"LIHC"	-0.936195838464362	7.89307232103946e-06
"118"	"BCL2"	"KIRP"	0.362720395539881	0.061472057340599
"119"	"BCL2L1"	"KIRP"	0.660979944679777	1.73100930845126e-07
"120"	"BCL2L2"	"KIRP"	-0.884371357434953	3.47670910405589e-10
"121"	"MCL1"	"KIRP"	0	1
"122"	"BCL2A1"	"KIRP"	3.18600930223637	2.86760484862912e-25
"123"	"BCL2L10"	"KIRP"	-2.06197732870696	0.000258386390762543
"124"	"BAX"	"KIRP"	1.46931931252788	1.51618375372948e-38
"125"	"BAK1"	"KIRP"	0.329850377233316	0.0268658915471371
"126"	"BOK"	"KIRP"	0	1
"127"	"BCL2"	"ESCA"	0	1
"128"	"BCL2L1"	"ESCA"	0	1
"129"	"BCL2L2"	"ESCA"	-0.956409218935173	9.92651620054937e-06
"130"	"MCL1"	"ESCA"	0	1
"131"	"BCL2A1"	"ESCA"	1.85881073008571	0.00504541479366335
"132"	"BCL2L10"	"ESCA"	0	1
"133"	"BAX"	"ESCA"	1.01330090859769	7.74098072371213e-06
"134"	"BAK1"	"ESCA"	0.845646402472952	0.00374156328967456
"135"	"BOK"	"ESCA"	0	1
"136"	"BCL2"	"READ"	-2.11078131907538	3.40868829284337e-18
"137"	"BCL2L1"	"READ"	1.1860046434904	6.68631842915821e-08
"138"	"BCL2L2"	"READ"	-1.18854168390283	1.31832981342915e-09
"139"	"MCL1"	"READ"	0	1
"140"	"BCL2A1"	"READ"	1.00053434734576	0.052109868094652
"141"	"BCL2L10"	"READ"	0	1
"142"	"BAX"	"READ"	0.375412347274714	0.042540404615496
"143"	"BAK1"	"READ"	-0.633772827443398	0.00374148343214174
"144"	"BOK"	"READ"	0	1
"145"	"BCL2"	"KICH"	0.978143655236921	8.67843717112852e-06
"146"	"BCL2L1"	"KICH"	0.709626320231029	2.00306638946902e-06
"147"	"BCL2L2"	"KICH"	1.01798297156807	1.07048613115646e-12
"148"	"MCL1"	"KICH"	-1.31721425307448	1.378057310618e-08
"149"	"BCL2A1"	"KICH"	1.2273956217575	0.00304978040205923
"150"	"BCL2L10"	"KICH"	0	1
"151"	"BAX"	"KICH"	0	1
"152"	"BAK1"	"KICH"	-0.458040480130025	0.0164246232789485
"153"	"BOK"	"KICH"	0	1
"154"	"BCL2"	"CHOL"	0	1
"155"	"BCL2L1"	"CHOL"	1.54155709517235	0.000239655544665592
"156"	"BCL2L2"	"CHOL"	0.416558942629312	0.0658717803479706
"157"	"MCL1"	"CHOL"	0	1
"158"	"BCL2A1"	"CHOL"	0	1
"159"	"BCL2L10"	"CHOL"	-2.62545062502045	0.0214504277376291
"160"	"BAX"	"CHOL"	0.938726987774785	0.00137088152743561
"161"	"BAK1"	"CHOL"	1.38298188264305	8.47054872926123e-05
"162"	"BOK"	"CHOL"	-2.33984159323709	4.68427532119988e-07
